data,stato,codice_regione,denominazione_regione,codice_provincia,denominazione_provincia,sigla_provincia,lat,long,totale_casi,note,codice_nuts_1,codice_nuts_2,codice_nuts_3
2024-10-03T17:00:00,ITA,13,Abruzzo,066,L'Aquila,AQ,42.35122196,13.39843823,140777,,ITF,ITF1,ITF11
2024-10-03T17:00:00,ITA,13,Abruzzo,067,Teramo,TE,42.6589177,13.70439971,165303,,ITF,ITF1,ITF12
2024-10-03T17:00:00,ITA,13,Abruzzo,068,Pescara,PE,42.46458398,14.21364822,163980,,ITF,ITF1,ITF13
2024-10-03T17:00:00,ITA,13,Abruzzo,069,Chieti,CH,42.35103167,14.16754574,200087,,ITF,ITF1,ITF14
2024-10-03T17:00:00,ITA,13,Abruzzo,879,Fuori Regione / Provincia Autonoma,,,,14248,,ITF,ITF1,
2024-10-03T17:00:00,ITA,13,Abruzzo,979,In fase di definizione/aggiornamento,,,,9016,,ITF,ITF1,
2024-10-03T17:00:00,ITA,17,Basilicata,076,Potenza,PZ,40.63947052,15.80514834,131258,,ITF,ITF5,ITF51
2024-10-03T17:00:00,ITA,17,Basilicata,077,Matera,MT,40.66751177,16.59792442,68311,,ITF,ITF5,ITF52
2024-10-03T17:00:00,ITA,17,Basilicata,880,Fuori Regione / Provincia Autonoma,,,,3461,,ITF,ITF5,
2024-10-03T17:00:00,ITA,17,Basilicata,980,In fase di definizione/aggiornamento,,,,0,,ITF,ITF5,
2024-10-03T17:00:00,ITA,18,Calabria,078,Cosenza,CS,39.29308681,16.25609692,200802,,ITF,ITF6,ITF61
2024-10-03T17:00:00,ITA,18,Calabria,079,Catanzaro,CZ,38.90597598,16.59440194,118256,,ITF,ITF6,ITF63
2024-10-03T17:00:00,ITA,18,Calabria,080,Reggio di Calabria,RC,38.10922769,15.6434527,215504,,ITF,ITF6,ITF65
2024-10-03T17:00:00,ITA,18,Calabria,101,Crotone,KR,39.08036878,17.12538864,60994,,ITF,ITF6,ITF62
2024-10-03T17:00:00,ITA,18,Calabria,102,Vibo Valentia,VV,38.67624147,16.10157414,54691,,ITF,ITF6,ITF64
2024-10-03T17:00:00,ITA,18,Calabria,882,Fuori Regione / Provincia Autonoma,,,,8548,,ITF,ITF6,
2024-10-03T17:00:00,ITA,18,Calabria,982,In fase di definizione/aggiornamento,,,,0,,ITF,ITF6,
2024-10-03T17:00:00,ITA,15,Campania,061,Caserta,CE,41.07465878,14.33240464,402553,,ITF,ITF3,ITF31
2024-10-03T17:00:00,ITA,15,Campania,062,Benevento,BN,41.12969987,14.78151683,108511,,ITF,ITF3,ITF32
2024-10-03T17:00:00,ITA,15,Campania,063,Napoli,NA,40.83956555,14.25084984,1353125,,ITF,ITF3,ITF33
2024-10-03T17:00:00,ITA,15,Campania,064,Avellino,AV,40.91404699,14.79528803,173286,,ITF,ITF3,ITF34
2024-10-03T17:00:00,ITA,15,Campania,065,Salerno,SA,40.67821961,14.7594026,492203,,ITF,ITF3,ITF35
2024-10-03T17:00:00,ITA,15,Campania,883,Fuori Regione / Provincia Autonoma,,,,18428,,ITF,ITF3,
2024-10-03T17:00:00,ITA,15,Campania,983,In fase di definizione/aggiornamento,,,,25220,,ITF,ITF3,
2024-10-03T17:00:00,ITA,08,Emilia-Romagna,033,Piacenza,PC,45.05193462,9.692632596,115257,,ITH,ITH5,ITH51
2024-10-03T17:00:00,ITA,08,Emilia-Romagna,034,Parma,PR,44.80107394,10.32834985,184492,,ITH,ITH5,ITH52
2024-10-03T17:00:00,ITA,08,Emilia-Romagna,035,Reggio nell'Emilia,RE,44.69735289,10.63007973,255889,,ITH,ITH5,ITH53
2024-10-03T17:00:00,ITA,08,Emilia-Romagna,036,Modena,MO,44.64600009,10.92615487,320839,,ITH,ITH5,ITH54
2024-10-03T17:00:00,ITA,08,Emilia-Romagna,037,Bologna,BO,44.49436681,11.3417208,500778,,ITH,ITH5,ITH55
2024-10-03T17:00:00,ITA,08,Emilia-Romagna,038,Ferrara,FE,44.83599085,11.61868934,165448,,ITH,ITH5,ITH56
2024-10-03T17:00:00,ITA,08,Emilia-Romagna,039,Ravenna,RA,44.41722493,12.19913936,209620,,ITH,ITH5,ITH57
2024-10-03T17:00:00,ITA,08,Emilia-Romagna,040,Forlì-Cesena,FC,44.22268559,12.04068608,219860,,ITH,ITH5,ITH58
2024-10-03T17:00:00,ITA,08,Emilia-Romagna,099,Rimini,RN,44.06090087,12.5656295,196065,,ITH,ITH5,ITH59
2024-10-03T17:00:00,ITA,08,Emilia-Romagna,884,Fuori Regione / Provincia Autonoma,,,,21425,,ITH,ITH5,
2024-10-03T17:00:00,ITA,08,Emilia-Romagna,984,In fase di definizione/aggiornamento,,,,32471,,ITH,ITH5,
2024-10-03T17:00:00,ITA,06,Friuli Venezia Giulia,030,Udine,UD,46.06255516,13.2348383,257548,,ITH,ITH4,ITH42
2024-10-03T17:00:00,ITA,06,Friuli Venezia Giulia,031,Gorizia,GO,45.94149817,13.62212502,66003,,ITH,ITH4,ITH43
2024-10-03T17:00:00,ITA,06,Friuli Venezia Giulia,032,Trieste,TS,45.6494354,13.76813649,123234,,ITH,ITH4,ITH44
2024-10-03T17:00:00,ITA,06,Friuli Venezia Giulia,093,Pordenone,PN,45.95443546,12.66002909,146079,,ITH,ITH4,ITH41
2024-10-03T17:00:00,ITA,06,Friuli Venezia Giulia,885,Fuori Regione / Provincia Autonoma,,,,9261,,ITH,ITH4,
2024-10-03T17:00:00,ITA,06,Friuli Venezia Giulia,985,In fase di definizione/aggiornamento,,,,0,,ITH,ITH4,
2024-10-03T17:00:00,ITA,12,Lazio,056,Viterbo,VT,42.4173828,12.10473416,109276,,ITI,ITI4,ITI41
2024-10-03T17:00:00,ITA,12,Lazio,057,Rieti,RI,42.40488444,12.86205939,71207,,ITI,ITI4,ITI42
2024-10-03T17:00:00,ITA,12,Lazio,058,Roma,RM,41.89277044,12.48366722,1896650,,ITI,ITI4,ITI43
2024-10-03T17:00:00,ITA,12,Lazio,059,Latina,LT,41.46759465,12.90368482,268754,,ITI,ITI4,ITI44
2024-10-03T17:00:00,ITA,12,Lazio,060,Frosinone,FR,41.63964569,13.35117161,204495,,ITI,ITI4,ITI45
2024-10-03T17:00:00,ITA,12,Lazio,886,Fuori Regione / Provincia Autonoma,,,,6045,,ITI,ITI4,
2024-10-03T17:00:00,ITA,12,Lazio,986,In fase di definizione/aggiornamento,,,,21,,ITI,ITI4,
2024-10-03T17:00:00,ITA,07,Liguria,008,Imperia,IM,43.88570648,8.027850298,91003,,ITC,ITC3,ITC31
2024-10-03T17:00:00,ITA,07,Liguria,009,Savona,SV,44.30750461,8.481108654,108456,,ITC,ITC3,ITC32
2024-10-03T17:00:00,ITA,07,Liguria,010,Genova,GE,44.41149314,8.9326992,363281,,ITC,ITC3,ITC33
2024-10-03T17:00:00,ITA,07,Liguria,011,La Spezia,SP,44.10704991,9.8281897,102775,,ITC,ITC3,ITC34
2024-10-03T17:00:00,ITA,07,Liguria,887,Fuori Regione / Provincia Autonoma,,,,10375,,ITC,ITC3,
2024-10-03T17:00:00,ITA,07,Liguria,987,In fase di definizione/aggiornamento,,,,19794,,ITC,ITC3,
2024-10-03T17:00:00,ITA,03,Lombardia,012,Varese,VA,45.81701677,8.822868344,384164,,ITC,ITC4,ITC41
2024-10-03T17:00:00,ITA,03,Lombardia,013,Como,CO,45.8099912,9.085159546,264109,,ITC,ITC4,ITC42
2024-10-03T17:00:00,ITA,03,Lombardia,014,Sondrio,SO,46.17099261,9.87147489,70941,,ITC,ITC4,ITC44
2024-10-03T17:00:00,ITA,03,Lombardia,015,Milano,MI,45.46679409,9.190347404,1392773,,ITC,ITC4,ITC4C
2024-10-03T17:00:00,ITA,03,Lombardia,016,Bergamo,BG,45.69441368,9.668424528,348282,,ITC,ITC4,ITC46
2024-10-03T17:00:00,ITA,03,Lombardia,017,Brescia,BS,45.53993052,10.21910323,551675,,ITC,ITC4,ITC47
2024-10-03T17:00:00,ITA,03,Lombardia,018,Pavia,PV,45.18509264,9.160157191,240688,,ITC,ITC4,ITC48
2024-10-03T17:00:00,ITA,03,Lombardia,019,Cremona,CR,45.13336675,10.02420865,150840,,ITC,ITC4,ITC4A
2024-10-03T17:00:00,ITA,03,Lombardia,020,Mantova,MN,45.15726772,10.79277363,193155,,ITC,ITC4,ITC4B
2024-10-03T17:00:00,ITA,03,Lombardia,097,Lecco,LC,45.85575781,9.393392246,133913,,ITC,ITC4,ITC43
2024-10-03T17:00:00,ITA,03,Lombardia,098,Lodi,LO,45.31440693,9.503720769,98333,,ITC,ITC4,ITC49
2024-10-03T17:00:00,ITA,03,Lombardia,108,Monza e della Brianza,MB,45.58439043,9.273582472,393215,,ITC,ITC4,ITC4D
2024-10-03T17:00:00,ITA,03,Lombardia,888,Fuori Regione / Provincia Autonoma,,,,26167,,ITC,ITC4,
2024-10-03T17:00:00,ITA,03,Lombardia,988,In fase di definizione/aggiornamento,,,,127140,,ITC,ITC4,
2024-10-03T17:00:00,ITA,11,Marche,041,Pesaro e Urbino,PU,43.91014021,12.91345989,139663,,ITI,ITI3,ITI31
2024-10-03T17:00:00,ITA,11,Marche,042,Ancona,AN,43.61675973,13.5188753,225478,,ITI,ITI3,ITI32
2024-10-03T17:00:00,ITA,11,Marche,043,Macerata,MC,43.30023926,13.45307182,146230,,ITI,ITI3,ITI33
2024-10-03T17:00:00,ITA,11,Marche,044,Ascoli Piceno,AP,42.85322304,13.57691127,105548,,ITI,ITI3,ITI34
2024-10-03T17:00:00,ITA,11,Marche,109,Fermo,FM,43.16058534,13.71839535,86694,,ITI,ITI3,ITI35
2024-10-03T17:00:00,ITA,11,Marche,889,Fuori Regione / Provincia Autonoma,,,,33733,,ITI,ITI3,
2024-10-03T17:00:00,ITA,11,Marche,989,In fase di definizione/aggiornamento,,,,0,,ITI,ITI3,
2024-10-03T17:00:00,ITA,14,Molise,070,Campobasso,CB,41.55774754,14.65916051,78561,,ITF,ITF2,ITF22
2024-10-03T17:00:00,ITA,14,Molise,094,Isernia,IS,41.58800826,14.22575407,27337,,ITF,ITF2,ITF21
2024-10-03T17:00:00,ITA,14,Molise,890,Fuori Regione / Provincia Autonoma,,,,181,,ITF,ITF2,
2024-10-03T17:00:00,ITA,14,Molise,990,In fase di definizione/aggiornamento,,,,0,,ITF,ITF2,
2024-10-03T17:00:00,ITA,04,P.A. Bolzano,021,Bolzano,BZ,46.49933453,11.35662422,283306,184275,ITH,ITH1,ITH10
2024-10-03T17:00:00,ITA,04,P.A. Bolzano,881,Fuori Regione / Provincia Autonoma,,,,18357,3528,ITH,ITH1,
2024-10-03T17:00:00,ITA,04,P.A. Bolzano,981,In fase di definizione/aggiornamento,,,,0,9670,ITH,ITH1,
2024-10-03T17:00:00,ITA,04,P.A. Trento,022,Trento,TN,46.06893511,11.12123097,254889,,ITH,ITH2,ITH20
2024-10-03T17:00:00,ITA,04,P.A. Trento,896,Fuori Regione / Provincia Autonoma,,,,0,,ITH,ITH2,
2024-10-03T17:00:00,ITA,04,P.A. Trento,996,In fase di definizione/aggiornamento,,,,0,,ITH,ITH2,
2024-10-03T17:00:00,ITA,01,Piemonte,001,Torino,TO,45.0732745,7.680687483,965456,,ITC,ITC1,ITC11
2024-10-03T17:00:00,ITA,01,Piemonte,002,Vercelli,VC,45.32398135,8.423234312,64905,,ITC,ITC1,ITC12
2024-10-03T17:00:00,ITA,01,Piemonte,003,Novara,NO,45.44588506,8.621915884,137935,,ITC,ITC1,ITC15
2024-10-03T17:00:00,ITA,01,Piemonte,004,Cuneo,CN,44.39329625,7.551171632,220227,,ITC,ITC1,ITC16
2024-10-03T17:00:00,ITA,01,Piemonte,005,Asti,AT,44.89912921,8.204142547,84817,,ITC,ITC1,ITC17
2024-10-03T17:00:00,ITA,01,Piemonte,006,Alessandria,AL,44.91297351,8.615401155,166576,,ITC,ITC1,ITC18
2024-10-03T17:00:00,ITA,01,Piemonte,096,Biella,BI,45.5665112,8.054082167,72905,,ITC,ITC1,ITC13
2024-10-03T17:00:00,ITA,01,Piemonte,103,Verbano-Cusio-Ossola,VB,45.9214455,8.551078753,65917,,ITC,ITC1,ITC14
2024-10-03T17:00:00,ITA,01,Piemonte,891,Fuori Regione / Provincia Autonoma,,,,9687,,ITC,ITC1,
2024-10-03T17:00:00,ITA,01,Piemonte,991,In fase di definizione/aggiornamento,,,,26653,,ITC,ITC1,
2024-10-03T17:00:00,ITA,16,Puglia,071,Foggia,FG,41.46226865,15.54305094,236085,,ITF,ITF4,ITF46
2024-10-03T17:00:00,ITA,16,Puglia,072,Bari,BA,41.12559576,16.86736689,546133,,ITF,ITF4,ITF47
2024-10-03T17:00:00,ITA,16,Puglia,073,Taranto,TA,40.47354739,17.23237181,229400,,ITF,ITF4,ITF43
2024-10-03T17:00:00,ITA,16,Puglia,074,Brindisi,BR,40.63848545,17.94601575,162789,,ITF,ITF4,ITF44
2024-10-03T17:00:00,ITA,16,Puglia,075,Lecce,LE,40.35354285,18.1718973,362581,,ITF,ITF4,ITF45
2024-10-03T17:00:00,ITA,16,Puglia,110,Barletta-Andria-Trani,BT,41.22705039,16.29520432,141049,,ITF,ITF4,ITF48
2024-10-03T17:00:00,ITA,16,Puglia,892,Fuori Regione / Provincia Autonoma,,,,18710,,ITF,ITF4,
2024-10-03T17:00:00,ITA,16,Puglia,992,In fase di definizione/aggiornamento,,,,6054,,ITF,ITF4,
2024-10-03T17:00:00,ITA,20,Sardegna,090,Sassari,SS,40.72667657,8.559667131,141673,,ITG,ITG2,ITG2D
2024-10-03T17:00:00,ITA,20,Sardegna,091,Nuoro,NU,40.32318834,9.330296393,69392,,ITG,ITG2,ITG2E
2024-10-03T17:00:00,ITA,20,Sardegna,092,Cagliari,CA,39.21531192,9.110616306,158441,,ITG,ITG2,ITG2F
2024-10-03T17:00:00,ITA,20,Sardegna,095,Oristano,OR,39.90381075,8.591183151,57429,,ITG,ITG2,ITG2G
2024-10-03T17:00:00,ITA,20,Sardegna,111,Sud Sardegna,SU,39.16641462,8.526242676,103661,,ITG,ITG2,ITG2H
2024-10-03T17:00:00,ITA,20,Sardegna,893,Fuori Regione / Provincia Autonoma,,,,14,,ITG,ITG2,
2024-10-03T17:00:00,ITA,20,Sardegna,993,In fase di definizione/aggiornamento,,,,0,,ITG,ITG2,
2024-10-03T17:00:00,ITA,19,Sicilia,081,Trapani,TP,38.01850065,12.51365684,141317,,ITG,ITG1,ITG11
2024-10-03T17:00:00,ITA,19,Sicilia,082,Palermo,PA,38.11569725,13.3623567,430966,,ITG,ITG1,ITG12
2024-10-03T17:00:00,ITA,19,Sicilia,083,Messina,ME,38.19395845,15.55572302,259062,,ITG,ITG1,ITG13
2024-10-03T17:00:00,ITA,19,Sicilia,084,Agrigento,AG,37.30971088,13.5845749,142503,,ITG,ITG1,ITG14
2024-10-03T17:00:00,ITA,19,Sicilia,085,Caltanissetta,CL,37.49213171,14.06184973,96985,,ITG,ITG1,ITG15
2024-10-03T17:00:00,ITA,19,Sicilia,086,Enna,EN,37.56705701,14.27909375,51224,,ITG,ITG1,ITG16
2024-10-03T17:00:00,ITA,19,Sicilia,087,Catania,CT,37.50287803,15.08704691,427254,,ITG,ITG1,ITG17
2024-10-03T17:00:00,ITA,19,Sicilia,088,Ragusa,RG,36.92509198,14.73069891,125843,,ITG,ITG1,ITG18
2024-10-03T17:00:00,ITA,19,Sicilia,089,Siracusa,SR,37.05991687,15.29333182,161583,,ITG,ITG1,ITG19
2024-10-03T17:00:00,ITA,19,Sicilia,894,Fuori Regione / Provincia Autonoma,,,,0,,ITG,ITG1,
2024-10-03T17:00:00,ITA,19,Sicilia,994,In fase di definizione/aggiornamento,,,,0,,ITG,ITG1,
2024-10-03T17:00:00,ITA,09,Toscana,045,Massa Carrara,MS,44.03674425,10.14173829,87336,,ITI,ITI1,ITI11
2024-10-03T17:00:00,ITA,09,Toscana,046,Lucca,LU,43.84432283,10.50151366,181243,,ITI,ITI1,ITI12
2024-10-03T17:00:00,ITA,09,Toscana,047,Pistoia,PT,43.933465,10.91734146,128861,,ITI,ITI1,ITI13
2024-10-03T17:00:00,ITA,09,Toscana,048,Firenze,FI,43.76923077,11.25588885,444689,,ITI,ITI1,ITI14
2024-10-03T17:00:00,ITA,09,Toscana,049,Livorno,LI,43.55234873,10.3086781,153836,,ITI,ITI1,ITI16
2024-10-03T17:00:00,ITA,09,Toscana,050,Pisa,PI,43.71553206,10.40127259,195972,,ITI,ITI1,ITI17
2024-10-03T17:00:00,ITA,09,Toscana,051,Arezzo,AR,43.46642752,11.88228844,150807,,ITI,ITI1,ITI18
2024-10-03T17:00:00,ITA,09,Toscana,052,Siena,SI,43.31816374,11.33190988,119571,,ITI,ITI1,ITI19
2024-10-03T17:00:00,ITA,09,Toscana,053,Grosseto,GR,42.76026758,11.11356398,93545,,ITI,ITI1,ITI1A
2024-10-03T17:00:00,ITA,09,Toscana,100,Prato,PO,43.88062274,11.09703315,107547,,ITI,ITI1,ITI15
2024-10-03T17:00:00,ITA,09,Toscana,895,Fuori Regione / Provincia Autonoma,,,,571,,ITI,ITI1,
2024-10-03T17:00:00,ITA,09,Toscana,995,In fase di definizione/aggiornamento,,,,1078,,ITI,ITI1,
2024-10-03T17:00:00,ITA,10,Umbria,054,Perugia,PG,43.10675841,12.38824698,335851,,ITI,ITI2,ITI21
2024-10-03T17:00:00,ITA,10,Umbria,055,Terni,TR,42.56071258,12.6466875,105892,,ITI,ITI2,ITI22
2024-10-03T17:00:00,ITA,10,Umbria,897,Fuori Regione / Provincia Autonoma,,,,20402,,ITI,ITI2,
2024-10-03T17:00:00,ITA,10,Umbria,997,In fase di definizione/aggiornamento,,,,0,,ITI,ITI2,
2024-10-03T17:00:00,ITA,02,Valle d'Aosta,007,Aosta,AO,45.73750286,7.320149366,48373,,ITC,ITC2,ITC20
2024-10-03T17:00:00,ITA,02,Valle d'Aosta,898,Fuori Regione / Provincia Autonoma,,,,4192,,ITC,ITC2,
2024-10-03T17:00:00,ITA,02,Valle d'Aosta,998,In fase di definizione/aggiornamento,,,,138,,ITC,ITC2,
2024-10-03T17:00:00,ITA,05,Veneto,023,Verona,VR,45.43839046,10.99352685,498496,,ITH,ITH3,ITH31
2024-10-03T17:00:00,ITA,05,Veneto,024,Vicenza,VI,45.547497,11.54597109,509308,,ITH,ITH3,ITH32
2024-10-03T17:00:00,ITA,05,Veneto,025,Belluno,BL,46.13837528,12.21704167,108315,,ITH,ITH3,ITH33
2024-10-03T17:00:00,ITA,05,Veneto,026,Treviso,TV,45.66754571,12.24507363,510909,,ITH,ITH3,ITH34
2024-10-03T17:00:00,ITA,05,Veneto,027,Venezia,VE,45.43490485,12.33845213,483130,,ITH,ITH3,ITH35
2024-10-03T17:00:00,ITA,05,Veneto,028,Padova,PD,45.40692987,11.87608718,569042,,ITH,ITH3,ITH36
2024-10-03T17:00:00,ITA,05,Veneto,029,Rovigo,RO,45.07107289,11.79007,128265,,ITH,ITH3,ITH37
2024-10-03T17:00:00,ITA,05,Veneto,899,Fuori Regione / Provincia Autonoma,,,,40454,,ITH,ITH3,
2024-10-03T17:00:00,ITA,05,Veneto,999,In fase di definizione/aggiornamento,,,,13186,,ITH,ITH3,
